Date,Image_URL
2026-11-23,https://example.com/image0.jpg
2022-08-04,https://example.com/image1.jpg
2024-06-19,https://example.com/image2.jpg
2024-08-05,https://example.com/image3.jpg
2023-03-22,https://example.com/image4.jpg
2026-02-16,https://example.com/image5.jpg
2025-02-14,https://example.com/image6.jpg
2022-03-25,https://example.com/image7.jpg
2023-10-11,https://example.com/image8.jpg
2022-04-28,https://example.com/image9.jpg
2024-12-21,https://example.com/image10.jpg
2023-10-16,https://example.com/image11.jpg
2023-04-14,https://example.com/image12.jpg
2023-06-04,https://example.com/image13.jpg
2026-10-14,https://example.com/image14.jpg
2026-12-23,https://example.com/image15.jpg
2022-02-24,https://example.com/image16.jpg
2024-03-09,https://example.com/image17.jpg
2025-11-14,https://example.com/image18.jpg
2023-10-24,https://example.com/image19.jpg
2025-09-26,https://example.com/image20.jpg
2022-08-25,https://example.com/image21.jpg
2023-05-16,https://example.com/image22.jpg
2026-04-19,https://example.com/image23.jpg
2024-10-25,https://example.com/image24.jpg
2023-10-29,https://example.com/image25.jpg
2022-01-18,https://example.com/image26.jpg
2026-05-21,https://example.com/image27.jpg
2026-02-14,https://example.com/image28.jpg
2022-03-18,https://example.com/image29.jpg
